Date,"Weight, kg",BMI,Body Fat Percentage,Muscle Percentage,RMI,Visceral Fat Percentage,Calories In
17/12/2020,49.40,16.7,6.5,45.6,1359,1,1500
18/12/2020,49.40,16.7,6.5,45.6,1359,1,1500
19/12/2020,49.40,16.7,6.5,45.6,1359,1,1500
20/12/2020,51.30,17.2,5.5,47.3,1383,1,1500
21/12/2020,51.40,17.2,5.2,47.7,1388,1,600
22/12/2020,51.10,17.1,6.1,46.3,1368,1,1500
23/12/2020,51.10,17.1,6.1,46.3,1368,1,1475
24/12/2020,51.10,17.1,6.1,46.3,1368,1,1700
25/12/2020,51.10,17.1,6.1,46.3,1368,1,2000
26/12/2020,51.70,17.3,6.8,46.1,1380,1,2300
27/12/2020,50.80,17,5.7,46.5,1364,1,2000
28/12/2020,50.80,17,5.7,46.4,1363,1,2600
29/12/2020,51.40,17.2,6.1,46.7,1379,1,2000
30/12/2020,51.00,17.1,5.9,46.5,1369,1,2900
31/12/2020,51.30,17.2,6.1,46.6,1375,1,2250
01/01/2021,51.70,17.3,6.2,46.9,1387,1,1500
02/01/2021,51.40,17.2,5.3,47.6,1387,1,1904
03/01/2021,51.40,17.3,5.5,47.5,1389,1,1911
04/01/2021,51.40,17.2,5.5,47.7,1386,1,2124
05/01/2021,51.50,17.3,5.9,47,1385,1,2200
06/01/2021,51.70,17.3,6.8,46.1,1379,1,1508
07/01/2021,52.60,17.6,6.8,46.9,1406,1,1534
08/01/2021,51.60,17.3,6.6,46.3,1379,1,1562
09/01/2021,51.90,17.4,6.5,46.7,1390,1,1800
10/01/2021,52.50,17.6,6.4,47.2,1407,1,1400
11/01/2021,52.50,17.6,6.4,47.2,1407,1,1400
12/01/2021,52.50,17.6,6.4,47.2,1407,1,1400
13/01/2021,52.50,17.6,6.4,47.2,1407,1,1400
14/01/2021,52.50,17.6,6.4,47.2,1407,1,1400
15/01/2021,52.50,17.6,6.4,47.2,1407,1,1400
16/01/2021,52.50,17.6,6.4,47.2,1407,1,1400
17/01/2021,52.50,17.6,6.4,47.2,1407,1,1400
18/01/2021,52.50,17.6,6.4,47.2,1407,1,1400
19/01/2021,52.50,17.6,6.4,47.2,1407,1,1400
20/01/2021,52.50,17.6,6.4,47.2,1407,1,1400
21/01/2021,52.50,17.6,6.4,47.2,1407,1,1400
22/01/2021,52.50,17.6,6.4,47.2,1407,1,3090
23/01/2021,50.40,16.9,5.4,46.4,1354,1,3354
24/01/2021,51.20,17.3,5.6,47.4,1385,1,3120
25/01/2021,52.00,17.6,6.2,47.4,1401,1,2845
26/01/2021,52.00,17.6,6.2,47.4,1401,1,3556
27/01/2021,51.40,17.4,5.7,47.5,1390,1,3443
28/01/2021,52.10,17.6,6.3,47.3,1402,1,3375
29/01/2021,52.30,17.7,6.8,47,1404,1,2873
30/01/2021,52.80,17.8,8.3,45.7,1402,1,1961
31/01/2021,52.20,17.6,7.3,46.4,1395,1,1822
01/02/2021,51.80,17.5,6.8,46.6,1390,1,2418
02/02/2021,52.50,17.7,7.4,46.4,1402,1,2731
03/02/2021,52.50,17.7,6.5,47.4,1411,1,2830
04/02/2021,52.30,17.7,7.2,46.5,1399,1,1722
05/02/2021,52.60,17.8,7.3,46.7,1407,1,2025
06/02/2021,52.30,17.7,7.7,46,1394,1,2139
07/02/2021,52.60,17.8,7.9,46,1401,1,2073
08/02/2021,53.10,17.9,8.1,46.1,1412,1,2120
09/02/2021,53.30,18,7.8,46.6,1420,1,785
10/02/2021,52.80,17.8,8.4,45.6,1400,1,2262
11/02/2021,53.10,17.9,8.4,45.8,1409,1,1498
12/02/2021,53.20,18,8.9,45.4,1407,1,1576
13/02/2021,53.00,17.9,8.6,45.5,1404,1,2303
14/02/2021,53.30,18,8.6,45.8,1412,1,2289
15/02/2021,53.60,18.1,8.7,45.8,1419,1,2333
16/02/2021,53.30,18,8.3,46.1,1412,1,2552
17/02/2021,53.40,18.1,8.8,45.7,1414,1,2664
18/02/2021,54.00,18.3,8,46.8,1435,1,2372
19/02/2021,54.50,18.4,9.8,45.4,1433,1,2391
20/02/2021,54.10,18.3,9.2,45.7,1428,1,2274
21/02/2021,54.00,18.3,9.1,45.7,1426,1,2383
22/02/2021,54.60,18.5,9,46.2,1442,1,1720
23/02/2021,53.40,18.1,9.3,45,1407,1,1795
24/02/2021,54.20,18.3,9.2,45.8,1430,1,2049
25/02/2021,54.80,18.5,10.4,44.9,1435,1,2318
26/02/2021,55.10,18.6,8.9,46.5,1454,1,2009
27/02/2021,54.80,18.5,10.5,44.8,1433,1,2670
28/02/2021,54.40,18.4,10.1,45,1427,1,2589
01/03/2021,54.70,18.5,9.5,45.7,1440,1,280
02/03/2021,54.70,18.5,9.5,45.7,1440,1,2059
03/03/2021,53.70,18.2,8.9,45.8,1421,1,1995
04/03/2021,54.00,18.3,10.2,44.5,1414,1,1600
05/03/2021,53.80,18.2,9.5,45.1,1416,1,1948
06/03/2021,54.20,18.3,9.9,45.1,1424,1,2800
07/03/2021,54.60,18.5,10.7,44.4,1425,1,2334
08/03/2021,55.10,18.6,10.5,44.9,1441,1,2545
09/03/2021,54.90,18.6,10.7,44.6,1434,1,2491
10/03/2021,55.30,18.7,10.7,45,1445,1,2445
11/03/2021,55.20,18.7,11,44.5,1439,1,2593
12/03/2021,55.20,18.7,10.7,44.9,1442,1,2644
13/03/2021,55.70,18.8,11.2,44.7,1450,1,2811
14/03/2021,56.20,19,11.3,44.8,1461,2,2151
15/03/2021,56.80,19.2,13.2,43.3,1458,2,2064
16/03/2021,56.70,19.2,11.7,44.7,1469,2,2093
17/03/2021,56.30,19,11.6,44.5,1461,1,2422
18/03/2021,56.70,19.2,12.3,44.1,1464,2,2171
19/03/2021,56.30,19,11.9,44.2,1457,2,2284
20/03/2021,56.50,19.1,12.4,43.9,1458,2,2023
21/03/2021,55.90,18.9,12,43.9,1447,2,1416
22/03/2021,56.50,19.1,11.8,44.4,1463,2,2143
23/03/2021,56.00,18.9,11.4,44.6,1456,2,1743
24/03/2021,56.20,19,12,44.1,1454,2,2344
25/03/2021,56.60,19.1,11.9,44.5,1466,2,2304
26/03/2021,57.10,19.3,12.6,44,1471,2,1690
27/03/2021,56.20,19,12.3,43.8,1451,2,1953
28/03/2021,56.80,19.2,12.4,44,1462,2,2193
29/03/2021,56.20,19,12.4,43.7,1450,2,1740
30/03/2021,56.30,19,11.8,44.4,1459,2,1207
31/03/2021,56.00,18.9,11.8,44.2,1452,1,2673
01/04/2021,56.00,18.9,11.8,44.2,1452,1,2302
02/04/2021,56.90,19.2,13.2,43.2,1460,2,2031
03/04/2021,55.90,18.9,11,44.9,1456,1,1865
04/04/2021,56.60,19.1,11,44.5,1466,2,1963
05/04/2021,56.50,19.1,12,44.2,1461,2,2234
06/04/2021,56.20,19,12.2,43.9,1453,2,1897
07/04/2021,57.10,19.3,12.4,44.2,1473,2,1593
08/04/2021,57.30,19.4,12.3,44.3,1478,2,1870
09/04/2021,56.70,19.2,12.2,44.2,1465,2,1659
10/04/2021,56.30,19,12.1,44.1,1456,2,1582
11/04/2021,55.90,18.9,12.1,43.8,1446,2,1677
12/04/2021,55.90,18.9,11.3,44.7,1454,2,1489
13/04/2021,56.00,18.9,11.4,44.6,1455,2,2055
14/04/2021,56.40,19.1,11.7,44.5,1462,2,1740
15/04/2021,56.50,19.1,12.1,44.2,1461,2,2041
16/04/2021,56.30,19,11.9,44.2,1457,2,2190
17/04/2021,56.90,19.2,12.6,43.9,1466,2,2015
18/04/2021,56.20,19,12.8,43.2,1446,2,760
19/04/2021,55.40,18.7,11.9,43.7,1434,1,2574
20/04/2021,55.50,18.8,11.8,43.8,1438,1,1651
21/04/2021,56.10,19,12.2,43.9,1450,2,1546
22/04/2021,56.20,19,12,44.1,1455,2,1457
23/04/2021,56.50,19.1,12.3,44,1459,2,1714
24/04/2021,57.00,19.3,12.9,43.6,1465,2,1714
25/04/2021,56.30,19,12.4,43.8,1453,2,1660
26/04/2021,56.70,19.2,12.9,43.5,1458,2,2208
27/04/2021,56.70,19.2,13,43.3,1457,2,1554
28/04/2021,56.60,19.1,13,43.3,1455,2,1484
29/04/2021,56.10,19,12.3,43.7,1449,2,900
30/04/2021,56.40,19.1,12.9,43.2,1450,2,1157
01/05/2021,55.60,18.8,12,43.7,1438,1,857
02/05/2021,56.40,19.1,12.5,43.7,1454,2,1754
03/05/2021,55.80,18.9,11.8,44.1,1446,2,1733
04/05/2021,55.50,18.8,12.1,43.5,1434,1,1752
05/05/2021,55.70,18.8,12.5,43.2,1435,2,1714
06/05/2021,55.80,18.9,12.2,43.6,1442,2,1408
07/05/2021,55.70,18.8,12.2,43.5,1439,2,1253
08/05/2021,55.80,18.9,12,43.8,1444,2,1714
09/05/2021,55.00,18.6,11.1,44.3,1436,1,2054
10/05/2021,55.70,18.8,12.1,43.6,1440,1,1714
11/05/2021,55.60,18.8,12.4,43.2,1433,2,1197
12/05/2021,55.30,18.7,12.1,43.3,1428,1,1787
13/05/2021,55.30,18.7,12.1,43.3,1428,1,1908
14/05/2021,55.10,18.6,11.6,43.8,1429,1,2211
15/05/2021,55.30,18.7,12.1,43.4,1428,1,1811
16/05/2021,55.30,18.7,12.1,43.3,1428,1,1811
17/05/2021,55.10,18.6,12.1,43.2,1422,1,2517
18/05/2021,55.60,18.8,12.8,42.7,1427,2,2504
19/05/2021,55.50,18.8,12,43.6,1435,1,2116
20/05/2021,55.60,18.8,12.4,43.2,1433,2,1982
21/05/2021,56.20,19,12.6,43.5,1448,2,1811
22/05/2021,55.50,18.8,12.2,43.3,1432,2,2154
23/05/2021,55.80,18.9,12.9,42.8,1433,2,1157
24/05/2021,55.30,18.7,11.6,44,1435,1,1836
25/05/2021,55.10,18.6,11.7,43.7,1428,1,2086
26/05/2021,55.20,18.7,12,43.4,1426,1,1747
27/05/2021,55.40,18.7,11.4,44.3,1440,1,2035
28/05/2021,55.60,18.8,12.5,43.1,1432,2,1694
29/05/2021,54.90,18.6,11.7,43.5,1421,1,2134
30/05/2021,55.70,18.8,12.5,43.2,1435,2,2526
31/05/2021,55.70,18.8,11.7,44.2,1445,1,1766
01/06/2021,56.00,18.9,12.3,43.6,1446,2,1646
02/06/2021,56.00,18.9,12.3,43.6,1446,2,2492
03/06/2021,56.50,19.1,11.6,44.7,1466,2,2646
04/06/2021,56.30,19,13.1,42.9,1444,2,2543
05/06/2021,56.20,19,13.2,42.8,1440,2,1699
06/06/2021,56.10,19,13.3,42.5,1436,2,2502
07/06/2021,55.60,18.8,13.2,42.1,1420,2,2064
08/06/2021,54.80,18.5,12,42.9,1413,1,2482
09/06/2021,55.30,18.7,12.4,43,1424,2,2655
10/06/2021,55.40,18.7,12.1,43.4,1430,2,2571
11/06/2021,56.80,19.2,13.2,43.3,1458,2,2835
12/06/2021,56.50,19.1,13,43.2,1451,2,2831
13/06/2021,57.20,19.3,13.8,42.8,1461,2,2431
14/06/2021,57.20,19.3,13.2,43.4,1468,2,2464
15/06/2021,57.00,19.3,13.2,43.4,1463,2,2142
16/06/2021,56.50,19.1,13,43.2,1451,2,2202
17/06/2021,56.50,19.1,13,43.2,1451,2,2375
18/06/2021,56.90,19.2,13.4,43,1458,2,2632
19/06/2021,57.20,19.3,13.8,42.8,1461,2,2305
20/06/2021,57.00,19.3,13.6,42.9,1458,2,2575
21/06/2021,57.60,19.5,13.8,43,1471,2,2664
22/06/2021,57.80,19.5,14.2,42.8,1473,2,2370
23/06/2021,58.10,19.6,14.1,43,1481,2,2106
24/06/2021,58.50,19.8,14.7,42.6,1485,2,2228
25/06/2021,57.50,19.4,13.6,43.2,1471,2,2083
26/06/2021,56.90,19.2,13.1,43.4,1461,2,2040
27/06/2021,57.10,19.3,13.6,43,1461,2,2688
28/06/2021,57.20,19.3,14,42.6,1459,2,2065
29/06/2021,57.90,19.6,14.7,42.3,1469,2,2137
30/06/2021,57.40,19.4,13.9,42.9,1466,2,2202
01/07/2021,57.80,19.5,14.2,42.8,1473,2,2166
02/07/2021,57.20,19.3,13.7,42.9,1462,2,2181
03/07/2021,57.50,19.4,13.8,43.1,1470,2,2221
04/07/2021,57.60,19.5,13.8,43.1,1472,2,2321
05/07/2021,58.10,19.6,14.5,42.6,1477,2,2481
06/07/2021,57.70,19.5,13.5,43.5,1478,2,2115
07/07/2021,57.20,19.3,13.5,43.1,1465,2,2287
08/07/2021,58.60,19.8,14.8,42.6,1486,2,2220
09/07/2021,57.80,19.5,13.9,43.1,1476,2,2314
10/07/2021,58.10,19.6,14.2,42.9,1480,2,2365
11/07/2021,57.80,19.5,14.1,42.8,1473,2,2340
12/07/2021,57.60,19.5,14.3,42.6,1467,2,2345
13/07/2021,58.30,19.7,14.7,42.5,1480,2,2808
14/07/2021,59.20,20,13.1,44.4,1513,2,2225
15/07/2021,58.60,19.8,12.8,44.4,1503,2,2166
16/07/2021,57.60,19.5,13.3,43.6,1477,2,1898
17/07/2021,57.10,19.3,14.2,42.3,1454,2,2288
18/07/2021,58.10,19.6,15.4,41.6,1466,2,2517
19/07/2021,57.20,19.3,13.9,42.7,1460,2,2259
20/07/2021,58.00,19.6,14.9,42.1,1470,2,2267
21/07/2021,57.80,19.5,14.7,42.2,1467,2,2520
22/07/2021,57.80,19.5,14.8,42.1,1465,2,2274
23/07/2021,57.80,19.5,14,42.9,1474,2,2150
24/07/2021,58.40,19.7,14.9,42.4,1480,2,2251
25/07/2021,58.70,19.8,15.1,42.3,1486,3,2253
26/07/2021,58.80,19.9,15.5,42,1484,3,2388
27/07/2021,58.50,19.8,15.2,42.2,1480,2,2441
28/07/2021,59.30,20,15.5,42.2,1497,3,2263
29/07/2021,59.70,20.2,15.8,42.1,1503,3,2890
30/07/2021,60.80,20.6,15.6,42.8,1529,3,1999
31/07/2021,59.40,20.1,15.1,42.7,1503,3,2054
01/08/2021,59.40,20.1,15.4,42.4,1500,3,2145
02/08/2021,58.40,19.7,14.7,42.6,1483,2,2675
03/08/2021,58.70,19.8,15.1,42.3,1486,3,2319
04/08/2021,58.60,19.8,15,42.4,1485,2,2320
05/08/2021,58.80,19.9,15,42.5,1490,2,2556
06/08/2021,58.60,19.8,14.8,42.6,1486,2,2685
07/08/2021,59.00,19.9,15.1,42.5,1493,3,2355
08/08/2021,59.10,20,14.7,42.9,1499,2,2182
09/08/2021,59.10,20,14.8,42.9,1499,2,2337
10/08/2021,59.30,20,15.4,42.3,1498,3,2716
11/08/2021,58.70,19.8,15.2,42.3,1485,2,2204
12/08/2021,58.90,19.9,15.7,41.9,1485,3,2306
13/08/2021,59.20,20,15.8,41.9,1491,3,2576
14/08/2021,59.20,20,15.9,41.7,1489,3,2729
15/08/2021,59.40,20.1,16.1,41.7,1493,3,2147
16/08/2021,59.70,20.2,16,41.9,1501,3,2356
17/08/2021,58.80,19.9,16,41.4,1478,3,2096
18/08/2021,58.90,19.9,16.2,41.2,1477,3,1963
19/08/2021,58.90,19.9,16.2,41.3,1479,3,2251
20/08/2021,59.20,20,16.1,41.6,1488,3,2300
21/08/2021,59.00,19.9,15.7,41.8,1486,3,2301
22/08/2021,58.90,19.9,15.8,41.7,1483,3,2312
23/08/2021,59.30,20,15.7,42,1494,3,2300
24/08/2021,58.90,19.9,15.8,41.7,1483,3,3015
25/08/2021,59.80,20.2,14.9,43,1514,3,2157
26/08/2021,60.10,20.3,15.7,42.4,1513,3,1317
27/08/2021,59.80,20.2,16.2,41.8,1502,3,2324
28/08/2021,58.90,19.9,16.3,41.2,1477,3,2200
29/08/2021,58.30,19.7,16.1,40.9,1461,3,2538
30/08/2021,58.00,19.6,15.8,41,1457,3,2502
31/08/2021,58.50,19.8,15.8,41.4,1472,3,2494
01/09/2021,58.40,19.7,15.8,41.4,1469,3,1436
02/09/2021,58.20,19.7,15.3,41.8,1470,2,3507
03/09/2021,58.50,19.8,16,41.2,1469,3,2511
04/09/2021,58.30,19.7,15.2,42,1474,2,2530
05/09/2021,58.60,19.8,15.5,41.8,1478,3,2052
06/09/2021,58.80,19.9,15.7,41.8,1482,3,2507
07/09/2021,59.00,19.9,15.2,42.4,1492,3,2535
08/09/2021,59.40,20.1,15.8,42,1496,3,2513
09/09/2021,59.10,20,15.8,41.9,1489,3,2525
10/09/2021,59.20,20,16,41.7,1489,3,2513
11/09/2021,59.40,20.1,16,41.8,1494,3,2553
12/09/2021,59.40,20.1,15.5,42.3,1499,3,1589
13/09/2021,59.70,20.2,16,41.9,1501,3,2100
14/09/2021,59.70,20.2,16,41.9,1501,3,2858
15/09/2021,59.70,20.2,15.6,42.3,1505,3,2248
16/09/2021,60.00,20.3,15.8,42.2,1510,3,2530
17/09/2021,59.60,20.1,16,41.9,1499,3,2342
18/09/2021,59.40,20.1,16,41.8,1494,3,2449
19/09/2021,59.40,20.1,16.4,41.4,1490,3,2453
20/09/2021,60.00,20.3,16.8,41.3,1501,3,2621
21/09/2021,60.00,20.3,16.8,41.3,1501,3,2464
22/09/2021,59.40,20.1,16,41.8,1494,3,2754
23/09/2021,59.40,20.1,16,41.8,1494,3,2580
24/09/2021,59.40,20.1,16,41.8,1494,3,2756
25/09/2021,59.40,20.1,16,41.8,1494,3,2440
26/09/2021,59.40,20.1,16,41.8,1494,3,2100
27/09/2021,59.30,20,15.7,42.1,1495,3,2648
28/09/2021,59.70,20.2,16.8,41.1,1492,3,2386
29/09/2021,59.30,20,16.2,41.5,1489,3,2096
30/09/2021,59.70,20.2,16.9,41,1491,3,2189
01/10/2021,58.90,19.9,16.3,41.1,1476,3,2492
02/10/2021,59.10,20,16.7,40.8,1477,3,2298
03/10/2021,59.10,20,15.8,41.8,1488,3,2473
04/10/2021,59.20,20,16,41.7,1489,3,2458
05/10/2021,59.20,20,16.3,41.4,1486,3,2552
06/10/2021,59.50,20.1,16.3,41.6,1493,3,2386
07/10/2021,59.40,20.1,16.3,41.5,1490,3,2501
08/10/2021,59.10,20,16.1,41.5,1485,3,2540
09/10/2021,59.70,20.2,16.1,41.9,1501,3,2700
10/10/2021,59.30,20,15.8,42,1494,3,2616
11/10/2021,59.40,20.1,15.2,42.6,1502,3,2100
12/10/2021,61.70,20.9,13.6,44.6,1558,3,2968
13/10/2021,60.60,20.5,15.7,42.6,1524,3,2652
14/10/2021,60.10,20.3,17,41.1,1500,3,2353
15/10/2021,59.40,20.1,16.5,41.3,1488,3,2459
16/10/2021,58.70,19.8,16.6,40.6,1466,3,2627
17/10/2021,58.70,19.8,16.7,40.4,1463,3,2617
18/10/2021,58.00,19.6,15.6,41.2,1459,3,2552
19/10/2021,58.70,19.8,15.6,41.8,1480,3,3118
20/10/2021,59.10,20,15.8,41.8,1488,3,2514
21/10/2021,58.90,19.9,15,42.6,1493,3,2433
22/10/2021,58.50,19.8,15.4,41.8,1477,3,2588
23/10/2021,58.60,19.8,15.4,41.9,1480,3,2602
24/10/2021,58.90,19.9,16,41.5,1481,3,2942
25/10/2021,59.30,20,16.7,40.9,1482,3,2878
26/10/2021,59.50,20.1,16.4,41.4,1491,3,2809
27/10/2021,59.70,20.2,16.3,41.6,1498,3,2836
28/10/2021,59.90,20.2,16.9,41.1,1497,3,2851
29/10/2021,60.00,20.3,16.4,41.7,1505,3,2300
30/10/2021,60.00,20.3,15.7,42.4,1511,3,2549
31/10/2021,60.00,20.3,15.7,42.4,1511,3,2530
01/11/2021,60.00,20.3,16.3,41.8,1506,3,2519
02/11/2021,60.00,20.3,16.1,42,1508,3,3101
03/11/2021,60.10,20.3,16.9,41.3,1502,3,1416
04/11/2021,59.70,20.2,16.2,41.7,1499,3,2625
05/11/2021,59.90,20.2,16.7,41.3,1499,3,2553
06/11/2021,59.80,20.2,15.8,42.2,1506,3,2595
07/11/2021,59.60,20.1,16.2,41.7,1497,3,2714
08/11/2021,59.90,20.2,16.3,41.8,1504,3,2861
09/11/2021,59.90,20.2,15.8,42.2,1508,3,2652
10/11/2021,60.20,20.3,16.6,41.6,1507,3,2400
11/11/2021,60.30,20.4,16.7,41.5,1509,3,3511
12/11/2021,60.30,20.4,16.7,41.5,1509,3,2628
13/11/2021,60.30,20.4,16.7,41.5,1509,3,1909
14/11/2021,59.30,20,15.6,42.1,1495,3,3201
15/11/2021,60.50,20.5,17.1,41.2,1509,3,2842
16/11/2021,60.30,20.4,16.6,41.7,1510,3,2688
17/11/2021,60.30,20.4,16.7,41.5,1508,3,2411
18/11/2021,60.30,20.4,17.2,41.1,1503,3,2607
19/11/2021,60.30,20.4,16.5,41.8,1511,3,2100
20/11/2021,60.30,20.4,16.5,41.8,1511,3,1800
21/11/2021,59.90,20.2,16.5,41.5,1501,3,2532
22/11/2021,60.00,20.3,17.1,41,1497,3,2700
23/11/2021,60.70,20.5,16.8,41.6,1517,3,2400
24/11/2021,61.10,20.7,15.6,42.9,1536,3,2054
25/11/2021,60.00,20.3,15.6,42.5,1512,3,3116
26/11/2021,60.50,20.5,17.4,40.9,1506,3,2505
27/11/2021,59.70,20.2,16.3,41.6,1498,3,2495
28/11/2021,59.70,20.2,16.3,41.6,1498,3,3050
29/11/2021,59.90,20.2,17,41,1496,3,3601
30/11/2021,60.20,20.3,16.7,41.5,1507,3,2909
01/12/2021,59.90,20.2,16.7,41.4,1499,3,2927
02/12/2021,60.20,20.3,17.2,41,1501,3,2753
03/12/2021,60.20,20.3,17.2,41,1501,3,2858
04/12/2021,58.60,19.8,15.2,42.2,1482,3,2718
05/12/2021,58.30,19.7,15.5,41.6,1471,3,2753
06/12/2021,59.00,19.9,15.9,41.7,1485,3,2400
07/12/2021,59.00,19.9,15.9,41.7,1485,3,2700
08/12/2021,60.90,20.6,16.7,41.8,1523,3,2666
09/12/2021,60.90,20.6,16.7,41.8,1523,3,2387
10/12/2021,61.50,20.8,17,41.8,1534,3,2225
11/12/2021,60.70,20.5,16.6,41.8,1519,3,2153
12/12/2021,60.70,20.5,16.9,41.5,1516,3,2188
13/12/2021,61.00,20.6,16.6,41.9,1525,3,2465
14/12/2021,61.50,20.8,17.3,41.5,1531,3,2400
15/12/2021,61.70,20.9,16.8,42,1539,3,2165
16/12/2021,59.40,20.1,15.2,42.6,1502,3,2310
17/12/2021,59.30,20,15.6,42.1,1496,3,2499
18/12/2021,59.30,20,15.8,42,1494,3,2455
19/12/2021,60.50,20.5,17.9,40.3,1500,3,2453
20/12/2021,61.60,20.8,18.8,40,1517,4,2170
21/12/2021,60.80,20.6,18.3,40.1,1502,3,2474
22/12/2021,61.20,20.7,18.2,40.4,1514,3,2230
23/12/2021,60.90,20.6,18,40.5,1509,3,2184
24/12/2021,60.60,20.5,17.8,40.5,1503,3,2475
25/12/2021,60.30,20.4,17.6,40.6,1498,3,2417
26/12/2021,60.30,20.4,17.4,40.8,1500,3,1880
27/12/2021,60.30,20.4,17.5,40.6,1499,3,2535
28/12/2021,60.90,20.6,17.4,41.1,1516,3,2400
29/12/2021,60.80,20.6,17.5,41,1502,3,2400
30/12/2021,61.40,20.8,17.8,41.8,1524,4,2100
31/12/2021,60.80,20.6,17.3,41.2,1515,3,2496
01/01/2022,60.90,20.6,17.4,41.1,1516,3,2400
02/01/2022,60.70,20.5,16.5,41.9,1520,3,2461
03/01/2022,61.00,20.6,17.1,41.4,1521,3,3448
04/01/2022,61.50,20.8,17.2,41.5,1531,3,2334
05/01/2022,61.10,20.7,16.6,41.9,1528,3,1969
06/01/2022,60.50,20.5,17.6,40.7,1504,3,2531
07/01/2022,60.40,20.4,17.1,41.1,1506,3,2526
08/01/2022,61.20,20.7,17.6,41.1,1521,3,2218
09/01/2022,60.90,20.6,17.9,40.6,1510,3,2200
10/01/2022,60.90,20.6,17.9,40.6,1510,3,2861
11/01/2022,60.90,20.6,17.9,40.6,1510,3,2275
12/01/2022,62.60,21.2,13.6,44.7,1574,3,2758
13/01/2022,61.70,20.9,17.2,41.6,1536,3,2215
14/01/2022,61.00,20.6,17.3,41.3,1519,3,2322
15/01/2022,60.80,20.6,18,40.4,1506,3,1640
16/01/2022,61.10,20.7,18.5,40.1,1508,4,2787
17/01/2022,61.10,20.7,18.5,40.1,1508,4,2634
18/01/2022,60.40,20.4,17.7,40.5,1500,3,2554
19/01/2022,60.00,20.3,18,39.8,1482,3,4124
20/01/2022,60.70,20.5,18.4,39.9,1498,3,2826
21/01/2022,60.40,20.4,18.3,39.8,1491,3,2931
22/01/2022,61.30,20.7,17.9,40.8,1520,4,3133
23/01/2022,61.80,20.9,19.1,39.8,1519,4,2904
24/01/2022,61.80,20.9,18.6,40.3,1524,4,2865
25/01/2022,61.50,20.8,18.2,40.6,1522,4,2850
26/01/2022,60.90,20.6,19.2,39,1490,4,1800
27/01/2022,61.30,20.7,18.9,39.7,1508,4,2258
28/01/2022,61.30,20.7,18.9,39.7,1508,4,2100
29/01/2022,61.00,20.6,17.9,40.7,1513,3,2700
30/01/2022,61.80,20.9,17.1,41.2,1534,4,2700
31/01/2022,61.80,20.9,18.8,40.1,1522,4,1800
01/02/2022,61.50,20.8,18.6,40.2,1518,4,2378
02/02/2022,61.50,20.8,18.6,40.2,1518,4,2764
03/02/2022,62.20,21,18.6,40.6,1535,4,2307
04/02/2022,61.60,20.8,18.9,39.9,1516,4,2696
05/02/2022,61.40,20.8,19.1,39.4,1507,4,2453
06/02/2022,61.80,20.9,19.3,39.6,1516,4,2400
07/02/2022,61.70,20.9,19.2,39.6,1515,4,1200
08/02/2022,61.60,20.8,19.1,39.7,1514,4,1652
09/02/2022,61.80,20.9,19.1,39.8,1519,4,2294
10/02/2022,61.90,20.9,19.3,39.6,1519,4,1933
11/02/2022,61.60,20.8,19,39.8,1515,4,1951
12/02/2022,61.40,20.8,19.2,39.4,1506,4,1628
13/02/2022,61.10,20.7,18.8,39.7,1503,4,2300
14/02/2022,61.30,20.7,19.1,39.5,1505,4,1977
15/02/2022,61.50,20.8,18.8,39.9,1514,4,1944
16/02/2022,61.40,20.8,18.8,39.9,1512,4,2144
17/02/2022,61.60,20.8,18.9,39.9,1516,4,2321
18/02/2022,61.80,20.9,18.6,40.4,1525,4,2091
19/02/2022,61.90,20.9,19.1,39.8,1521,4,2311
20/02/2022,61.50,20.8,19,39.7,1511,4,2008
21/02/2022,61.50,20.8,19,39.7,1511,4,2400
22/02/2022,62.20,21,18.3,40.8,1537,4,2253
23/02/2022,62.60,21.2,19.2,40.1,15.8,4,1954
24/02/2022,61.90,20.9,18.3,40.7,1531,4,2240
25/02/2022,60.40,20.4,18.3,39.8,1491,3,2640
26/02/2022,60.90,20.6,18.2,40.3,1506,3,2394
27/02/2022,60.10,20.3,18.4,39.2,1477,3,2464
28/02/2022,60.10,20.3,17.9,40,1487,3,2901
01/03/2022,59.90,20.2,17.6,40.2,1486,3,2834
02/03/2022,60.60,20.5,18.2,40,1498,4,2578
03/03/2022,60.60,20.5,18.3,40,1497,3,2275
04/03/2022,60.90,20.6,18.2,40.2,1506,4,2433
05/03/2022,60.60,20.5,18,40.3,1501,4,2579
06/03/2022,60.90,20.6,18.6,40.2,1506,4,2535
07/03/2022,61.70,20.9,18.4,40.5,1524,4,2901
08/03/2022,60.60,20.5,17.9,40.4,1502,3,2576
09/03/2022,61.30,20.7,18.7,39.9,1510,4,2563
10/03/2022,61.80,20.9,18.7,40.3,1524,4,2200
11/03/2022,61.30,20.7,18.3,40.4,1516,4,2608
12/03/2022,61.10,20.7,18.9,39.5,1501,4,2517
13/03/2022,61.50,20.8,18.7,40.1,1516,4,2338
14/03/2022,61.80,20.9,18.3,40.6,1528,4,2673
15/03/2022,62.00,21,18.7,40.3,1528,4,2400
16/03/2022,61.60,20.8,18.7,40.2,1519,4,2263
17/03/2022,61.30,20.7,18.7,39.9,1510,4,2100
18/03/2022,61.60,20.8,19,39.8,1514,4,3618
19/03/2022,61.90,20.9,18.9,40.1,1524,4,2400
20/03/2022,61.80,20.9,19.3,39.6,1516,4,2388
21/03/2022,62.60,21.2,19.5,39.7,1534,4,2298
22/03/2022,62.20,21,18.9,40.2,1531,4,2363
23/03/2022,61.90,20.9,18.7,40.3,1526,4,2122
24/03/2022,61.30,20.7,18.7,39.9,1510,4,2251
25/03/2022,61.20,20.7,18.7,39.8,1507,4,2246
26/03/2022,61.40,20.8,18.7,40,1514,4,1683
27/03/2022,61.40,20.8,18.7,40,1514,4,2644
28/03/2022,61.60,20.8,18.7,40.2,1519,4,1954
29/03/2022,61.20,20.7,18.7,40.5,1515,4,2262
30/03/2022,61.30,20.7,18.7,40,1511,4,2007
31/03/2022,61.50,20.8,18.9,39.8,1514,4,1930
01/04/2022,61.10,20.7,18.5,40,1508,4,2100
02/04/2022,61.10,20.7,18.5,40.1,1508,4,2400
03/04/2022,61.90,20.9,18.4,40.6,1529,4,2100
04/04/2022,61.90,20.9,18.4,40.6,1529,4,2569
05/04/2022,61.90,20.9,16.1,42.6,1548,3,2400
06/04/2022,61.30,20.7,17.9,40.8,1520,4,2400
07/04/2022,61.30,20.7,17.9,40.8,1520,4,3384
08/04/2022,61.30,20.7,17.9,40.8,1520,4,3148
09/04/2022,60.50,20.4,18.3,39.8,1493,3,
10/04/2022,60.30,20.4,18.3,39.7,1487,4,
11/04/2022,60.70,20.5,18.6,39.6,1494,4,
12/04/2022,60.50,20.5,18.6,39.5,1489,4,
13/04/2022,60.10,20.3,18,39.9,1485,3,
14/04/2022,60.30,20.4,18,40.1,1492,3,
15/04/2022,60.50,20.5,18.1,40.2,1497,3,
16/04/2022,60.50,20.5,18,40.2,1498,4,
17/04/2022,60.50,20.5,18,40.2,1498,4,
18/04/2022,60.00,20.3,17.2,40.8,,3,
19/04/2022,60.70,20.4,17.6,40.8,1508,3,
20/04/2022,60.70,20.4,17.6,40.8,1508,3,
21/04/2022,61.20,20.7,18.7,39.8,1507,4,
22/04/2022,61.20,20.7,18.7,39.8,1507,4,
23/04/2022,61.20,20.7,18.7,39.8,1507,4,
24/04/2022,59.80,20.2,16.9,41.1,1494,3,
25/04/2022,60.40,20.4,17.8,40.4,1498,3,
26/04/2022,61.00,20.6,17.4,41.2,1519,3,
27/04/2022,60.30,20.4,17.6,40.6,1498,3,
28/04/2022,60.80,20.6,18.2,40.1,1503,4,
29/04/2022,60.20,20.3,17.8,40.3,1493,3,
30/04/2022,60.30,20.4,17.8,40.3,1495,3,
01/05/2022,60.00,20.4,17.6,40.4,1490,3,
02/05/2022,60.00,20.4,17.6,40.4,1490,3,
03/05/2022,60.00,20.3,17.7,40.2,1488,3,
04/05/2022,60.40,20.4,18.1,40.1,1494,3,
05/05/2022,60.40,20.4,18.1,40.1,1494,3,
06/05/2022,60.00,20.3,17.6,40.1,1487,3,
07/05/2022,59.70,20.2,17.6,40.1,1480,3,
08/05/2022,60.20,20.3,18,40,1489,3,
09/05/2022,60.20,20.3,18.4,39.4,1482,3,
10/05/2022,60.20,20.3,18.1,39.8,1487,3,
11/05/2022,59.70,20.2,17.4,40.4,1484,3,
12/05/2022,59.90,20.2,17.4,40.5,1489,3,
13/05/2022,60.10,20.3,17.3,40.7,1496,3,
14/05/2022,60.00,20.3,17.2,40.8,1495,3,
15/05/2022,59.90,20.2,17.8,40,1483,3,
16/05/2022,59.90,20.2,17.8,40,1483,3,
17/05/2022,59.90,20.2,17.7,40.1,1485,3,
18/05/2022,59.20,20,17.2,40.1,1470,3,
19/05/2022,58.90,19.9,16.6,40.7,1471,3,
20/05/2022,59.80,20.2,17.3,40.6,1489,3,
23/05/2022,59.60,20.1,16.9,40.9,1489,3,
26/05/2022,59.60,20.1,16.9,40.9,1489,3,
30/05/2022,58.90,19.9,17,40.1,1464,3,
02/06/2022,58.40,19.7,15.5,41.7,1473,3,
03/07/2022,61.10,20.7,18.5,40,1508,4,
10/07/2022,61.10,20.7,18.5,40,1508,4,
22/10/2022,58.40,19.7,15.7,41.4,1470,3,
19/11/2022,61.10,20.7,17.9,40.7,1515,4,
12/01/2023,58.90,19.9,17.4,39.6,1457,3,
06/04/2023,61.50,20.8,17.2,41.6,1532,4,
12/04/2023,61.10,20.7,18.8,39.6,1503,4,
27/04/2023,60.90,20.6,18.4,40,1504,4,
05/05/2023,60.50,20.5,17.5,40.8,1505,4,1413
09/05/2023,60.30,20.4,18.1,39.9,1490,4,2130
10/05/2023,60.80,20.6,18.3,40,1502,4,2328
11/05/2023,60.60,20.5,16.8,41.5,1514,3,2564
12/05/2023,60.40,20.4,17.9,40.2,1496,4,2471
13/05/2023,60.70,20.5,17.2,41.2,1513,3,1791
14/05/2023,59.80,20.2,17,40.9,1492,3,2361
15/05/2023,60.60,20.5,17.5,40.9,1508,4,2825
16/05/2023,60.80,20.6,16.3,42.1,1524,4,2998
17/05/2023,61.10,20.7,17.5,41.1,1519,4,2733
18/05/2023,61.20,20.7,18.1,40.6,1516,4,2331
19/05/2023,61.20,20.7,17,41.6,1527,4,1985
20/05/2023,61.00,20.6,17,41.5,1522,4,1740
21/05/2023,61.60,20.8,17.9,40.9,1527,4,2448
22/05/2023,61.90,20.9,18.4,40.5,1529,4,2940
23/02/2023,61.70,20.9,19,39.8,1517,4,2020
24/02/2023,61.50,20.8,17.4,41.4,1530,4,717
25/05/2023,61.00,20.6,18.3,40.2,1508,4,2126
26/05/2023,61.10,20.7,18.1,40.5,1513,4,2615
27/05/2023,62.10,21,17.5,41.5,1542,4,2393
28/05/2023,61.70,20.9,17.9,41,1529,4,2623
29/05/2023,61.90,20.9,17.7,41.3,1536,4,2743
30/05/2023,61.80,20.9,18.7,40.3,1524,4,2369
31/05/2023,61.20,20.7,18.5,40.1,1511,4,2498
01/06/2023,62.30,21.1,19,40.1,1532,4,2349
02/06/2023,61.70,20.9,19,39.8,1517,4,1551
03/06/2023,61.30,20.7,18.4,40.3,1515,4,2318
04/06/2023,62.80,21.2,20.7,38.5,1522,4,2272
05/06/2023,62.50,21.1,20.1,39.1,1524,4,1846
06/06/2023,63.40,21.4,20.8,38.8,1538,4,2034
07/06/2023,62.50,21.1,19.3,40,1534,4,2204
08/06/2023,63.20,21.4,20.1,39.4,1542,4,2379
09/06/2023,62.00,21,18.4,40.6,1531,4,2200
10/06/2023,62.30,21.1,18.6,40.6,1536,4,1260
11/06/2023,62.30,21.1,18.6,40.6,1536,4,2649
12/06/2023,62.30,21.1,18.6,40.6,1536,4,2430
13/06/2023,62.20,21,18.5,40.6,1535,4,1314
14/06/2023,61.40,20.8,18.1,40.6,1520,,780
15/06/2023,62.00,21,17.8,41.2,1537,4,2054
16/06/2023,61.90,20.9,17.3,41.6,1540,4,2062
17/06/2023,61.90,20.9,17.3,41.6,1540,4,2074
18/06/2023,62.10,21,18.9,40.2,1528,4,1575
19/06/2023,62.10,21,18.9,40.2,1528,4,1738
20/06/2023,62.10,21,18.9,40.2,1528,4,2307
21/06/2023,61.70,20.9,18.8,40.1,1520,4,1699
22/06/2023,61.70,20.9,18.8,40.1,1520,4,1686
23/06/2023,61.70,20.9,18.8,40.1,1520,4,1777
24/06/2023,61.70,20.9,18.8,40.1,1520,4,1857
25/06/2023,62.30,21.1,19.1,40.1,1532,4,2233
26/06/2023,62.30,21.1,19.1,40.1,1532,4,2042
27/06/2023,62.30,21.1,19.1,40.1,1532,4,2442
28/06/2023,62.30,21.1,19.1,40.1,1532,4,2684
29/06/2023,62.30,21.1,19.1,40.1,1532,4,2405
30/06/2023,62.30,21.1,19.1,40.1,1532,4,2334
01/07/2023,62.50,21.1,19.8,39.4,1528,4,1543
02/07/2023,62.50,21.1,19.8,39.4,1528,4,1672
03/07/2023,62.50,21.1,19.8,39.4,1528,4,140
04/07/2023,62.50,21.1,19.8,39.4,1528,4,2465
05/07/2023,62.50,21.1,19.8,39.4,1528,4,1755
06/07/2023,62.30,21.1,18.6,40.6,1537,4,2342
07/07/2023,62.30,21.1,18.6,40.6,1537,4,2055
08/07/2023,62.30,21.1,18.6,40.6,1537,4,1430
09/07/2023,62.30,21.1,18.6,40.6,1537,4,2088
10/07/2023,62.30,21.1,18.6,40.6,1537,4,2710
11/07/2023,62.30,21.1,18.6,40.6,1537,4,1819
12/07/2023,62.30,21.1,18.6,40.6,1537,4,1082
13/07/2023,61.60,20.8,18.4,40.4,1522,4,2458
14/07/2023,61.60,20.8,18.4,40.4,1522,4,2431
15/07/2023,62.30,21.1,18.4,40.8,1539,4,2514
16/07/2023,62.30,21.1,18.4,40.8,1539,4,2469
17/07/2023,62.30,21.1,18.4,40.8,1539,4,1846
18/07/2023,62.30,21.1,18.4,40.8,1539,4,1330
19/07/2023,62.30,21.1,18.4,40.8,1539,4,1977
20/07/2023,62.30,21.1,18.4,40.8,1539,4,2339
21/07/2023,62.30,21.1,18.4,40.8,1539,4,2421
22/07/2023,62.30,21.1,18.4,40.8,1539,4,2181
23/07/2023,63.00,21.3,19.9,39.5,1539,4,2023
24/07/2023,63.00,21.3,19.9,39.5,1539,4,2425
25/07/2023,63.00,21.3,19.9,39.5,1539,4,1413
26/07/2023,63.00,21.3,19.9,39.5,1539,4,1803
27/07/2023,63.00,21.3,19.9,39.5,1539,4,2114
28/07/2023,63.00,21.3,19.9,39.5,1539,4,2659
29/07/2023,62.20,21,18.1,41,1538,4,2019
30/07/2023,62.20,21,18.1,41,1538,4,2265
31/07/2023,62.20,21,18.1,41,1538,4,1947
01/08/2023,62.20,21,18.1,41,1538,4,2461
02/08/2023,62.20,21,18.1,41,1538,4,1226
03/08/2023,62.20,21,18.1,41,1538,4,3973
04/08/2023,62.20,21,18.1,41,1538,4,515
05/08/2023,62.20,21,18.1,41,1538,4,1714
06/08/2023,62.20,21,18.1,41,1538,4,474
07/08/2023,62.20,21,18.1,41,1538,4,1966
08/08/2023,62.20,21,18.1,41,1538,4,2332
09/08/2023,62.20,21,18.1,41,1538,4,2499
10/08/2023,62.20,21,18.1,41,1538,4,1246
11/08/2023,62.20,21,18.1,41,1538,4,1174
12/08/2023,62.20,21,18.1,41,1538,4,903
13/08/2023,62.20,21,18.1,41,1538,4,2670
14/08/2023,63.40,21.4,19.2,40.4,1556,4,0
15/08/2023,63.40,21.4,19.2,40.4,1556,4,895
16/08/2023,64.20,21.7,18.2,41.5,1580,5,2052
17/08/2023,64.20,21.7,18.2,41.5,1580,5,2143
18/08/2023,63.80,21.6,20.4,39.4,1553,5,0
19/08/2023,63.80,21.6,20.4,39.4,1553,5,1998
20/08/2023,63.10,21.3,19.2,40.4,1550,4,2268
21/08/2023,63.10,21.3,19.5,40,1547,4,0
22/08/2023,64.30,21.7,19.7,40.3,1571,5,1688
23/08/2023,63.00,21.3,18.9,40.6,1550,4,1452
24/08/2023,63.50,21.5,19.7,40,1553,5,2120
25/08/2023,63.60,21.5,19.3,40.4,1559,5,0
26/08/2023,63.70,21.5,19.5,40.3,1560,5,1254
27/08/2023,63.90,21.6,19.8,40.1,1562,5,1506
28/08/2023,64.40,21.8,21.1,39,1560,5,0
29/08/2023,64.40,21.8,21.1,39,1560,5,0
30/08/2023,64.40,21.8,21.1,39,1560,5,1439
31/08/2023,63.10,21.3,20,39.6,1541,4,0
01/09/2023,62.10,21,18.5,40.6,1533,4,1435
02/09/2023,64.70,21.9,20.7,39.5,1571,5,1800
03/09/2023,63.10,21.3,19,40.6,1551,4,1334
04/09/2023,62.50,21.1,18,41.2,1547,4,1411
05/09/2023,63.80,21.6,19.8,40,1559,5,1703
06/09/2023,63.80,21.6,19.8,40,1559,5,1206
07/09/2023,63.80,21.6,19.8,40,1559,5,2249
08/09/2023,63.10,21.3,19.8,39.7,1543,5,862
09/09/2023,63.10,21.3,19.8,39.7,1543,5,1493
10/09/2023,63.60,21.5,18.2,41.4,1568,4,2094
11/09/2023,63.60,21.5,18.3,41.3,1568,4,1956
12/09/2023,62.10,21,18,41.1,1538,4,1880
13/09/2023,62.10,21,18,41.1,1538,4,2560
14/09/2023,64.00,21.6,20.2,39.7,1560,5,1547
15/09/2023,64.00,21.6,20.2,39.7,1560,5,2111
16/09/2023,65.50,22.1,20.4,40,1590,5,2051
17/09/2023,65.50,22.1,20.4,40,1590,5,1446
18/09/2023,63.60,21.5,20.4,39.4,1548,5,2428
19/09/2023,63.30,21.4,19.2,40.4,1554,4,2215
20/09/2023,63.30,21.4,19.2,40.4,1554,4,1779
21/09/2023,63.40,21.4,19.2,40.4,1556,4,1741
22/09/2023,63.30,21.4,19,40.6,1555,4,1410
23/09/2023,63.30,21.4,19,40.6,1555,4,1514
24/09/2023,63.30,21.4,19,40.6,1555,4,1832
25/09/2023,64.00,21.6,20.4,39.5,1558,5,2058
26/09/2023,64.00,21.6,20.4,39.5,1558,5,2299
27/09/2023,64.00,21.6,20.4,39.5,1558,5,0
28/09/2023,64.00,21.6,20.4,39.5,1558,5,1760
29/09/2023,64.00,21.6,20.4,39.5,1558,5,1611
30/09/2023,63.70,21.5,20.6,39.1,1548,5,2350
01/10/2023,63.00,21.3,20,39.4,1538,4,1656
02/10/2023,63.00,21.3,20,39.4,1538,4,1991
03/10/2023,63.20,21.4,19.2,40.3,1551,4,2128
04/10/2023,63.20,21.4,19.2,40.3,1551,4,1308
05/10/2023,63.20,21.4,19.2,40.3,1551,4,1906
06/10/2023,63.20,21.4,19.2,40.3,1551,4,4000
07/10/2023,65.00,22,20.2,40,1581,5,1610
08/10/2023,65.00,22,20.2,40,1581,5,1145
09/10/2023,63.60,21.5,20.6,39.1,1545,5,1458
10/10/2023,63.60,21.5,20.6,39.1,1545,5,2143
11/10/2023,63.60,21.5,20.6,39.1,1545,5,1914
12/10/2023,63.60,21.5,20.6,39.1,1545,5,972
13/10/2023,63.60,21.5,20.6,39.1,1545,5,2486
14/10/2023,63.60,21.5,20.6,39.1,1545,5,1874
15/10/2023,63.60,21.5,20.6,39.1,1545,5,1487
16/10/2023,63.60,21.5,20.6,39.1,1545,5,1983
17/10/2023,63.60,21.5,20.6,39.1,1545,5,748
18/10/2023,63.60,21.5,20.6,39.1,1545,5,2222
19/10/2023,63.60,21.5,20.6,39.1,1545,5,2413
20/10/2023,63.60,21.5,20.6,39.1,1545,5,3831
21/10/2023,63.60,21.5,20.6,39.1,1545,5,828
22/10/2023,63.60,21.5,20.6,39.1,1545,5,2230
23/10/2023,63.60,21.5,20.6,39.1,1545,5,2954
24/10/2023,63.60,21.5,20.6,39.1,1545,5,1458
25/10/2023,63.70,21.5,19.7,40.1,1559,5,1854
26/10/2023,63.70,21.5,19.7,40.1,1559,5,1740
27/10/2023,63.70,21.5,19.7,40.1,1559,5,3373
28/10/2023,63.70,21.5,19.7,40.1,1559,5,1965
29/10/2023,63.70,21.5,19.7,40.1,1559,5,2684
30/10/2023,63.70,21.5,19.7,40.1,1559,5,1745
31/10/2023,63.70,21.5,19.7,40.1,1559,5,1906
01/11/2023,63.70,21.5,19.7,40.1,1559,5,1712
02/11/2023,63.70,21.5,19.7,40.1,1559,5,2097
03/11/2023,63.70,21.5,19.7,40.1,1559,5,3334
04/11/2023,63.40,21.4,18.8,40.8,1559,4,1953
05/11/2023,63.40,21.4,19.1,40.5,1557,4,1418
06/11/2023,64.20,21.7,20.1,39.8,1565,5,2108
07/11/2023,63.30,21.4,20,39.6,1546,5,1692
08/11/2023,63.30,21.4,20,39.6,1546,5,2052
09/11/2023,63.80,21.6,19.8,40,1559,5,2026
10/11/2023,63.80,21.6,19.8,40,1559,5,1961
11/11/2023,63.80,21.6,19.8,40,1559,5,1994
12/11/2023,63.80,21.6,19.8,40,1559,5,2142
13/11/2023,62.70,21.2,19.4,39.9,1537,4,2114
14/11/2023,62.70,21.2,19.4,39.9,1537,4,1467
15/11/2023,62.70,21.2,19.4,39.9,1537,4,2093
16/11/2023,64.30,21.7,19.5,40.4,1572,5,2127
17/11/2023,64.30,21.7,19.5,40.4,1572,5,2196
18/11/2023,64.30,21.7,19.5,40.4,1572,5,2048
19/11/2023,64.30,21.7,19.5,40.4,1572,5,1467
20/11/2023,64.30,21.7,19.5,40.4,1572,5,1467
21/11/2023,64.30,21.7,19.5,40.4,1572,5,2120
22/11/2023,63.90,21.6,20,39.9,1560,5,2181
23/11/2023,63.60,21.5,19.6,40.1,1557,5,1797
24/11/2023,64.00,21.6,19.9,40,1563,5,2275
25/11/2023,64.20,21.7,20.8,39.2,1558,5,1797
26/11/2023,64.20,21.7,20.8,39.2,1558,5,1797
27/11/2023,63.30,21.4,19.7,39.9,1549,4,2022
28/11/2023,63.30,21.4,19.7,39.9,1549,4,2072
29/11/2023,63.30,21.4,19.7,39.9,1549,4,1784
30/11/2023,63.70,21.5,19.4,40.4,1561,5,1977
01/12/2023,63.40,21.4,19.6,40.1,1552,4,2203
02/12/2023,64.00,21.6,20,39.9,1562,5,2051
03/12/2023,63.10,21.3,19.1,40.4,1550,4,2154
04/12/2023,64.40,21.8,20.2,39.9,1569,5,2080
05/12/2023,64.40,21.8,20.5,39.5,1565,5,2127
06/12/2023,63.30,21.4,20,39.6,1546,4,1787
07/12/2023,64.50,21.8,20.6,39.5,1566,5,1607
08/12/2023,63.70,21.5,20.1,39.7,1554,5,2206
09/12/2023,63.80,21.6,19.6,40.2,1561,5,2154
10/12/2023,63.30,21.4,19.6,40,1550,4,1497
11/12/2023,64.30,21.7,20.5,39.6,1564,5,1497
12/12/2023,63.70,21.5,20,39.8,1555,5,0
13/12/2023,64.60,21.8,20.1,40.1,1574,5,1694
14/12/2023,64.60,21.8,20.1,40.1,1574,5,1932
15/12/2023,64.60,21.8,20.1,40.1,1574,5,2101
16/12/2023,65.00,22,19.8,40.4,1585,5,2241
17/12/2023,64.80,21.9,20.2,40,1577,5,2207
18/12/2023,63.90,21.6,20.6,39.2,1553,5,2211
19/12/2023,64.30,21.7,19.7,40.3,1571,5,2184
20/12/2023,64.30,21.7,19.7,40.3,1571,5,1817
21/12/2023,63.90,21.6,19.3,40.5,1566,5,2200
22/12/2023,63.80,21.6,20.1,39.7,1556,5,1086
23/12/2023,63.80,21.6,20.1,39.7,1556,5,2334
24/12/2023,63.20,21.4,19.5,40.1,1549,4,1940
25/12/2023,64.90,21.9,20.2,40,1579,5,1311
26/12/2023,64.90,21.9,20.2,40,1579,5,240
27/12/2023,65.50,22.1,21.2,39.3,1584,5,2809
28/12/2023,63.90,21.6,19.6,40.2,1563,5,1987
29/12/2023,64.70,21.9,20.2,40,1575,5,2665
30/12/2023,63.40,21.4,19.1,40.5,1557,4,0
31/12/2023,63.40,21.4,19.1,40.5,1557,4,807
01/01/2024,64.60,21.8,20.4,39.7,1571,5,2027
02/01/2024,64.30,21.7,19.4,40.5,1573,5,1800
03/01/2024,63.70,21.5,19.5,40.3,1560,4,2082
04/01/2024,63.40,21.4,19.8,39.8,1550,4,2171
05/01/2024,63.40,21.4,19.3,40.3,1555,4,1990
06/01/2024,63.90,21.6,20.2,39.7,1558,5,1927
07/01/2024,63.90,21.6,20.5,39.3,1554,5,1768
08/01/2024,64.30,21.7,20.7,39.3,1561,5,2152
09/01/2024,64.00,21.6,20.2,39.7,1560,5,2428
10/01/2024,64.00,21.6,20.2,39.7,1560,5,2421
11/01/2024,64.00,21.6,20.2,39.7,1560,5,2525
12/01/2024,64.10,21.7,19.9,40.1,1565,5,2570
13/01/2024,64.10,21.7,19.9,40,1564,5,2387
14/01/2024,64.50,21.8,19.4,40.6,1578,5,2345
15/01/2024,64.50,21.8,19.4,40.6,1578,5,2462
16/01/2024,64.50,21.8,20.3,39.8,1570,5,2285
17/01/2024,64.50,21.8,20.3,39.8,1570,5,2462
18/01/2024,63.80,21.6,20.5,39.3,1552,5,2530
19/01/2024,63.40,21.4,19.7,39.9,1551,4,2465
20/01/2024,64.50,21.8,20.4,39.7,1569,5,2523
21/01/2024,64.50,21.8,20.9,39.2,1564,5,2186
22/01/2024,64.00,21.6,19.9,40,1563,5,2069
23/01/2024,63.60,21.5,19.9,39.9,1554,5,2507
24/01/2024,63.60,21.5,19.9,39.9,1554,5,2354
25/01/2024,63.60,21.5,19.9,39.9,1554,5,2190
26/01/2024,64.20,21.7,19.8,40.2,1569,5,2554
27/01/2024,64.90,21.9,20.3,40,1579,5,2545
28/01/2024,64.20,21.7,19.3,40.6,1572,5,1955
29/01/2024,64.20,21.7,19.8,40.2,1568,5,2541
30/01/2024,64.00,21.6,20.1,39.8,1561,5,2528
31/01/2024,64.00,21.6,20.1,39.8,1561,5,2112
01/02/2024,64.90,21.9,20.1,40.1,1580,5,2439
02/02/2024,64.90,21.9,20.1,40.1,1580,5,2505
03/02/2024,64.90,21.9,20.1,40.1,1580,5,2623
04/02/2024,64.50,21.8,19.9,40.1,1573,5,2135
05/02/2024,64.70,21.9,20.3,39.9,1575,5,2519
06/02/2024,66.50,21.5,19.6,40.1,1554,4,2383
07/02/2024,66.50,21.5,19.6,40.1,1554,4,2424
08/02/2024,64.20,21.7,19,40.9,1574,4,2334
09/02/2024,65.40,22.1,19.8,40.5,1593,5,2231
10/02/2024,64.30,21.7,19.6,40.4,1572,5,2208
11/02/2024,64.10,21.7,20.4,39.5,1560,5,2592
12/02/2024,64.20,21.7,20.1,39.9,1566,5,2329
13/02/2024,64.30,21.7,20,40.1,1569,5,2343
14/02/2024,64.30,21.7,20,40.1,1569,5,2440
15/02/2024,64.50,21.8,19.8,40.2,1574,5,2402
16/02/2024,64.40,21.8,19.8,40.3,1573,5,2386
17/02/2024,63.90,21.6,20.2,39.7,1557,5,2851
18/02/2024,63.80,21.6,19.3,40.5,1564,5,1562
19/02/2024,63.90,21.6,19.1,40.7,1567,4,2522
20/02/2024,65.80,22.2,21.1,39.5,1591,5,2475
21/02/2024,65.80,22.2,21.1,39.5,1591,5,2438
22/02/2024,63.90,21.6,19,40.8,1569,5,2356
23/02/2024,63.90,21.6,19,40.8,1569,5,2395
24/02/2024,63.60,21.5,19.3,40.4,1559,4,2627
25/02/2024,63.70,21.5,20,39.8,1555,5,2531
26/02/2024,64.20,21.7,20.1,39.9,1565,5,2462
27/02/2024,63.30,21.4,19.7,39.9,1549,4,2281
28/02/2024,63.30,21.4,19.7,39.9,1549,4,2271
29/02/2024,63.70,21.5,19.4,40.3,1561,5,2288
01/03/2024,63.00,21.3,19.2,40.3,1547,4,2517
02/03/2024,63.00,21.3,18.8,40.7,1551,4,2137
03/03/2024,63.50,21.5,19.6,40.1,1554,5,2329
04/03/2024,63.60,21.5,19.9,39.9,1554,4,2555
05/03/2024,63.70,21.5,20.1,39.7,1554,5,2559
06/03/2024,63.70,21.5,20.1,39.7,1554,5,2274
07/03/2024,63.70,21.5,20.1,39.7,1554,5,2746
08/03/2024,63.60,21.5,18.5,41.2,1566,4,2512
09/03/2024,64.00,21.6,18.9,40.9,1571,5,2284
10/03/2024,64.20,21.7,20,40,1566,5,2049
11/03/2024,63.60,21.5,20.2,39.6,1551,4,2249
12/03/2024,62.80,21.2,18.9,40.5,1545,4,2952
13/03/2024,63.00,21.3,19.4,40.1,1545,4,2008
14/03/2024,63.50,21.5,19,40.7,1560,4,2909
15/03/2024,63.90,21.6,18.6,41.1,1571,4,2556
16/03/2024,64.10,21.7,19.5,40.4,1568,5,2276
17/03/2024,63.50,21.5,18.9,40.7,1561,4,2205
18/03/2024,63.00,21.3,19.1,40.4,1548,4,710
19/03/2024,63.60,21.5,19,40.7,1562,4,2363
20/03/2024,64.10,21.7,18.9,40.9,1573,4,1654
21/03/2024,63.00,21.3,18,41.4,1558,4,2559
22/03/2024,64.00,21.6,19,40.8,1570,5,865
23/03/2024,64.10,21.7,19.5,40.4,1569,5,732
24/03/2024,63.10,21.3,19,40.5,1551,4,0
25/03/2024,63.90,21.6,20.1,39.8,1558,4,2801
26/03/2024,65.20,22,17.7,42.1,1602,5,2025
27/03/2024,65.20,22,17.7,42.1,1602,5,630
28/03/2024,64.10,21.7,18.9,40.9,1573,4,1840
29/03/2024,64.50,21.8,19.4,40.6,1578,5,2477
30/03/2024,64.10,21.7,18.9,40.9,1573,5,900
31/03/2024,63.70,21.5,18.9,40.8,1565,4,2214
01/04/2024,64.80,21.9,18,41.8,1593,5,2436
02/04/2024,65.60,22.2,20.5,40,1591,5,2755
03/04/2024,64.00,21.6,18.4,41.3,1575,4,2521
04/04/2024,64.20,21.7,19.2,40.7,1573,5,2364
05/04/2024,65.50,22.1,20.8,39.7,1587,5,2378
06/04/2024,65.70,22.2,19.9,40.5,1597,5,1478
07/04/2024,63.40,21.4,19.2,40.5,1556,4,2569
08/04/2024,64.20,21.7,19.8,40.2,1568,5,2234
09/04/2024,63.70,21.5,19.5,40.3,1560,4,2916
10/04/2024,63.70,21.5,19.5,40.3,1560,4,2205
11/04/2024,63.70,21.5,19.5,40.3,1560,4,2205
12/04/2024,65.60,22.2,21.6,39,1582,5,1495
13/04/2024,65.60,22.2,21.6,39,1582,5,1993
14/04/2024,64.10,21.7,20.4,39.5,1560,5,1495
15/04/2024,64.20,21.7,19.6,40.3,1570,5,1124
16/04/2024,65.30,22.1,20.2,40.2,1588,5,2560
17/04/2024,65.30,22.1,20.2,40.2,1588,5,2186
18/04/2024,64.10,21.7,19,40.8,1572,4,2786
19/04/2024,64.10,21.7,19,40.8,1572,4,1820
20/04/2024,63.70,21.5,18.2,41.4,1570,4,1754
21/04/2024,65.10,22,21.3,39.1,1573,5,1652
22/04/2024,63.40,21.4,18.2,41.3,1564,4,1795
23/04/2024,64.30,21.7,19.9,40.1,1570,5,2314
24/04/2024,64.30,21.7,19.9,40.1,1570,5,2205
25/04/2024,65.10,22,21.4,39,1573,5,3868
26/04/2024,65.10,22,19.8,40.4,1586,5,2516
27/04/2024,64.90,21.9,19.8,40.4,1583,5,2152
28/04/2024,64.30,21.7,19.8,40.2,1570,5,2905
29/04/2024,64.30,21.7,19.6,40.3,1572,5,2205
30/04/2024,64.70,21.9,21.2,39,1565,5,2292
01/05/2024,64.70,21.9,21.2,39,1565,5,2632
02/05/2024,64.40,21.8,18.8,41,1579,4,2514
03/05/2024,64.80,2.19,19.3,40.8,1584,5,1580
04/05/2024,65.90,22.3,20.9,39.7,1594,5,2160
05/05/2024,63.80,21.6,19.6,40.2,1561,4,2355
06/05/2024,63.80,21.6,19.6,40.2,1561,4,2309
07/05/2024,63.80,21.6,19.6,40.2,1561,4,2051
08/05/2024,63.80,21.6,19.6,40.2,1561,4,2465
09/05/2024,64.90,21.9,18.8,41.2,1590,4,2580
10/05/2024,65.50,22.1,19.1,41.1,1599,5,2864
11/05/2024,65.00,22,19.9,40.3,1584,5,2287
12/05/2024,64.30,21.7,20.5,39.5,1564,5,1820
13/05/2024,64.90,21.9,19.3,40.8,1586,5,2487
14/05/2024,64.20,21.7,19.4,40.6,1572,4,2278
15/05/2024,64.20,21.7,19.4,40.6,1572,4,2559
16/05/2024,65.00,22,20.1,40.1,1582,5,2565
17/05/2024,65.60,22.2,20.3,40.2,1593,5,2729
18/05/2024,65.10,22,20.5,39.9,1581,5,2064
19/05/2024,64.90,21.9,21,39.2,1572,5,2548
20/05/2024,64.40,21.8,20.3,39.8,1568,5,2297
21/05/2024,65.00,22,20.6,39.7,1579,5,2109
22/05/2024,65.00,22,20.6,39.7,1579,5,2368
23/05/2024,63.90,21.6,20,39.9,1560,4,2649
24/05/2024,63.80,21.6,19.5,40.3,1562,4,2424
25/05/2024,63.80,21.6,19.5,40.3,1562,4,2424
26/05/2024,64.50,21.8,19.1,40.8,1579,4,2531
27/05/2024,64.70,21.9,19.4,40.6,1581,5,2551
28/05/2024,64.70,21.9,17.7,42,1592,4,1945
29/05/2024,64.60,21.8,19.8,40.3,1577,5,2953
30/05/2024,63.70,21.5,20.3,39.5,1552,4,2974
31/05/2024,65.20,22,20,40.3,1588,5,2988
01/06/2024,65.30,22.1,20.8,39.6,1583,5,2459
02/06/2024,65.10,22,20,40.3,1585,5,3047
03/06/2024,65.60,22.2,20.5,40,1591,5,3126
04/06/2024,65.80,22.2,20.9,39.6,1592,5,3001
05/06/2024,66.40,22.4,20.9,39.8,1604,5,3031
06/06/2024,64.70,21.9,19.8,40.3,1578,5,3008
07/06/2024,65.60,22.2,20.2,40.2,1594,5,2965
08/06/2024,64.80,21.9,19.6,40.5,1582,5,2983
09/06/2024,66.10,22.3,20.7,39.9,1600,5,2823
10/06/2024,65.30,22.1,20.2,40.2,1588,5,2991
11/06/2024,65.50,22.1,19.9,40.5,1594,5,2564
12/06/2024,65.70,22.2,21.2,39.4,1587,5,3162
13/06/2024,66.00,22.3,19.7,40.7,1605,5,2897
14/06/2024,66.70,22.5,21.9,39.1,1603,5,2730
15/06/2024,66.60,22.5,20.6,40.1,1610,5,2852
16/06/2024,65.40,22.1,20.2,40.2,1590,5,3014
17/06/2024,66.40,22.4,21.3,39.5,1601,5,2963
18/06/2024,65.60,22.2,20.5,40,1591,5,2923
19/06/2024,65.70,22.2,21.1,39.4,1588,5,2537
20/06/2024,65.40,22.1,20.3,40.1,1589,5,2820
21/06/2024,66.80,22.6,22.1,38.9,1602,5,3654
22/06/2024,66.20,22.4,19.9,40.6,1607,5,1974
23/06/2024,65.00,22,20.7,39.6,1577,5,3090
24/06/2024,65.70,22.2,20.1,40.3,1596,5,2736
25/06/2024,66.70,22.5,20.1,40.5,1615,5,2980
26/06/2024,66.80,22.6,20.7,40.1,1614,5,3075
27/06/2024,66.00,22.3,20.1,40.4,1602,5,2834
28/06/2024,66.80,22.6,20.9,39.9,1612,5,2802
29/06/2024,66.50,22.5,20.9,39.9,1607,5,2662
30/06/2024,66.20,22.4,21.4,39.4,1596,5,2932
01/07/2024,65.60,22.2,20.7,39.8,1590,5,2905
02/07/2024,66.10,22.3,21.7,39.1,1592,5,3001
03/07/2024,66.20,22.4,20.5,40.2,1603,5,3010
04/07/2024,65.00,22,20.1,40.1,1582,5,2959
05/07/2024,65.90,22.3,19.7,40.7,1603,5,2847
06/07/2024,65.80,22.2,20.4,40.1,1596,5,2628
07/07/2024,65.90,22.2,21.4,39.3,1590,5,3003
08/07/2024,65.90,22.3,21.3,39.3,1591,5,3018
09/07/2024,67.00,22.6,20.9,40,1616,5,2847
10/07/2024,64.60,21.8,20.7,39.4,1568,5,2341
11/07/2024,65.30,22.1,21.3,39.1,1578,5,2735
12/07/2024,65.20,22,20.6,39.8,1583,5,3031
13/07/2024,66.20,22.4,20.6,40,1602,5,2988
14/07/2024,66.20,22.4,21.1,39.6,1598,5,1928
15/07/2024,67.00,22.6,20.2,40.5,1620,5,2988
16/07/2024,67.00,22.6,21.8,39.3,1610,5,2999
17/07/2024,66.90,22.6,21.5,39.5,1609,5,3003
18/07/2024,67.00,22.6,21.7,39.3,1610,5,2995
19/07/2024,66.80,22.6,21.4,39.5,1608,5,3001
20/07/2024,67.00,22.6,21.1,39.8,1615,5,2506
21/07/2024,66.80,22.6,21.3,39.6,1609,5,2500
22/07/2024,65.90,22.3,20.9,39.7,1594,5,2505
23/07/2024,65.00,22,21.2,39.1,1572,5,2503
24/07/2024,64.90,21.9,20.7,39.6,1575,5,2562
25/07/2024,65.50,22.1,20.4,40,1590,5,2447
26/07/2024,66.20,22.4,20.6,40,1602,5,2508
27/07/2024,65.60,22.2,19.8,40.6,1597,5,2565
28/07/2024,65.60,22.2,20.8,39.7,1589,5,2446
29/07/2024,65.10,22,20,40.3,1585,5,2503
30/07/2024,64.90,21.9,20,40.2,1581,5,2507
31/07/2024,65.50,22.1,20.1,40.2,1592,5,2506
01/08/2024,64.80,21.9,18.5,41.4,1589,5,2507
02/08/2024,65.50,22.1,20.5,39.9,1589,5,2503
03/08/2024,65.20,22,20.7,39.7,1582,5,2510
04/08/2024,64.80,21.9,19.6,40.5,1582,5,2510
05/08/2024,64.90,21.9,18.8,41.2,1590,5,2504
06/08/2024,65.10,22,19.3,40.9,1590,5,2501
07/08/2024,64.50,21.8,19.8,40.3,1574,5,2507
08/08/2024,64.50,21.8,19.9,40.2,1574,5,2506
09/08/2024,64.40,21.8,20,40.1,1571,5,2501
10/08/2024,64.70,21.9,20.9,39.3,1569,5,1702
11/08/2024,63.60,21.5,19.3,40.4,1559,4,2558
12/08/2024,64.40,21.8,19.3,40.7,1576,4,2511
13/08/2024,64.30,21.7,17.6,42,1586,4,2510
14/08/2024,65.00,22,19.9,40.3,1584,5,2502
15/08/2024,64.70,21.9,19.5,40.6,1581,4,2500
16/08/2024,63.50,21.5,18.2,41.4,1566,4,2502
17/08/2024,63.90,21.6,19.8,40.1,1561,4,2498
18/08/2024,64.60,21.8,19.7,40.4,1571,5,2514
19/08/2024,64.50,21.8,19.7,40.3,1575,5,2506
20/08/2024,64.00,21.6,19.3,40.6,1568,4,2506
21/08/2024,63.40,21.4,19.6,40.1,1553,4,2496
22/08/2024,63.50,21.5,19.8,39.9,1552,4,2503
23/08/2024,64.00,21.6,19.4,40.4,1567,4,2507
24/08/2024,63.40,21.4,19.5,40.2,1553,4,2516
25/08/2024,64.50,21.8,19.7,40.4,1575,5,2495
26/08/2024,64.90,21.9,20.1,40.2,1580,5,2503
27/08/2024,64.40,21.8,19.9,40.1,1571,4,2510
28/08/2024,64.00,21.6,18.8,41,1572,4,2507
29/08/2024,63.90,21.6,20.2,39.7,1557,4,2494
30/08/2024,64.40,21.8,20.4,39.7,1567,5,2524
31/08/2024,64.20,21.7,20.3,39.7,1563,5,2502
01/09/2024,63.90,21.6,19.9,40,1561,4,2511
02/09/2024,64.10,21.7,19.7,40.2,1567,4,2513
03/09/2024,65.40,22.1,20.9,39.6,1584,5,2508
04/09/2024,64.00,21.6,18.4,41.3,1575,4,2503
05/09/2024,64.00,21.6,20.1,39.8,1561,4,2506
06/09/2024,63.90,21.6,20,39.9,1559,4,2510
07/09/2024,64.30,21.7,20.1,39.9,1567,4,2515
08/09/2024,63.80,21.6,19.5,40.3,1562,4,2502
09/09/2024,63.50,21.5,19.2,40.4,1558,4,2499
10/09/2024,63.90,21.6,20.7,39.2,1552,5,2505
11/09/2024,63.90,21.6,19.6,40.2,1563,4,2515
12/09/2024,64.00,21.6,19.5,40.4,1566,4,2517
13/09/2024,64.00,21.6,19.7,40.2,1565,4,2507
14/09/2024,63.80,21.6,19.9,39.9,1558,4,2103
15/09/2024,63.40,21.4,18.9,40.7,1558,4,2537
16/09/2024,63.40,21.4,18.4,41.2,1563,4,2505
17/09/2024,63.50,21.5,19.4,40.3,1557,4,3142
18/09/2024,63.30,21.4,18.8,40.8,1557,4,2681
19/09/2024,63.40,21.4,17.8,41.6,1567,4,3500
20/09/2024,63.80,21.6,17.7,41.8,1576,4,4078
21/09/2024,63.50,21.5,17.4,42,1572,4,2516
22/09/2024,63.20,21.4,18.1,41.4,1561,4,2552
23/09/2024,63.10,21.3,18.6,40.8,1554,4,2508
24/09/2024,62.90,21.3,18.9,40.6,1548,4,2507
25/09/2024,62.90,21.3,18.3,41.1,1553,4,4275
26/09/2024,63.20,21.4,18,41.4,1562,4,2509
27/09/2024,63.00,21.3,18.7,40.8,1558,4,2499
28/09/2024,62.40,21.1,18.5,40.7,1540,4,3134
29/09/2024,62.40,21.1,16.9,42.1,1553,4,2752
30/09/2024,62.90,21.3,17.4,41.8,1559,4,2748
01/10/2024,63.10,21.3,18.7,40.8,1554,4,2879
02/10/2024,62.60,21.2,17.9,41.3,1550,4,2748
03/10/2024,62.90,21.3,17.4,41.8,1560,4,2744
04/10/2024,62.30,21.1,17.5,41.6,1547,4,2707
05/10/2024,62.10,21,17.9,41.2,1539,4,2743
06/10/2024,62.80,21.2,18.1,41.3,1553,4,2756
07/10/2024,62.20,21,18.3,40.8,1537,4,2743
08/10/2024,62.40,21.1,18.6,40.6,1540,4,2745
09/10/2024,62.70,21.2,17.3,41.9,1556,4,2740
10/10/2024,62.80,21.2,17.1,42.1,1560,4,2743
11/10/2024,63.00,21.3,17.2,42.1,1563,4,2758
12/10/2024,63.00,21.3,16.7,42.4,1566,4,2746
13/10/2024,63.60,21.5,17,42.4,1576,4,2745
14/10/2024,63.40,21.4,17.4,42,1570,4,2761
15/10/2024,63.20,21.4,17.4,41.9,1566,4,2539
16/10/2024,62.50,21.1,16.9,42.1,1555,4,2751
17/10/2024,62.40,21.1,18.1,41.1,1544,4,2748
18/10/2024,62.60,21.2,17.6,41.6,1552,4,2529
19/10/2024,62.90,21.3,17.4,41.9,1560,4,3523
20/10/2024,63.00,21.3,16.8,42.4,1566,4,2741
21/10/2024,63.50,21.5,17.4,42,1572,4,2749
22/10/2024,63.10,21.3,17.9,41.5,1560,4,2746
23/10/2024,62.70,21.2,17.7,41.5,1553,4,2743
24/10/2024,63.00,21.3,17.7,41.7,1560,4,2743
25/10/2024,63.00,21.3,17.5,41.8,1561,4,2283
26/10/2024,63.00,21.3,17.3,42,1562,4,3537
27/10/2024,64.10,21.7,18.1,41.6,1578,4,2748
28/10/2024,62.70,21.2,17.5,41.8,1555,4,2753
29/10/2024,63.40,21.4,18,41.5,1565,4,2737
30/10/2024,62.50,21.1,16.9,42.1,1555,4,1912
31/10/2024,62.70,21.2,16.6,42.4,1561,3,2731
01/11/2024,62.90,21.3,16.4,42.7,1566,4,1549
02/11/2024,63.00,21.3,17,42.2,1565,4,2182
03/11/2024,62.90,21.3,17.7,41.6,1558,4,2736
04/11/2024,62.90,21.3,17.7,41.6,1558,4,2694
05/11/2024,62.70,21.2,17.5,41.7,1555,4,2616
06/11/2024,63.10,21.3,18,41.4,1560,4,2741
07/11/2024,63.20,21.4,17.8,41.6,1563,4,2759
08/11/2024,62.70,21.2,16.7,42.4,1561,4,2744
09/11/2024,62.60,21.2,16.7,42.3,1558,4,2756
10/11/2024,62.30,21.2,17,42.2,1561,4,2749
11/11/2024,63.00,21.3,17.3,42,1563,4,2737
12/11/2024,62.70,21.2,16.9,42.2,1559,4,2742
13/11/2024,62.80,21.2,16.8,42.3,1562,4,2748
14/11/2024,62.70,21.2,17.4,41.8,1556,4,2722
15/11/2024,62.80,21.2,17.1,42.1,1560,4,2768
16/11/2024,62.60,21.2,17.2,41.9,1555,4,2746
17/11/2024,62.30,21.1,16.6,42.4,1553,4,2735
18/11/2024,62.60,21.2,17.8,41.4,1550,4,2744
19/11/2024,63.00,21.3,17.6,41.8,1561,4,2736
20/11/2024,63.00,21.3,17.1,42.1,1564,4,2757
21/11/2024,62.70,21.2,17.3,41.9,1556,4,2729
22/11/2024,62.40,21.1,17.4,41.7,1549,4,2489
23/11/2024,62.00,21,17.3,41.7,1542,4,2600
24/11/2024,62.30,21,17,42,1550,4,2747
25/11/2024,62.50,21.1,16.6,42.4,1557,3,2744
26/11/2024,62.20,21,16.9,42.1,1549,4,2737
27/11/2024,62.60,21.2,16.6,42.4,1559,4,3237
28/11/2024,62.60,21.2,17,42.1,1555,4,2749
29/11/2024,62.50,21.1,17.3,41.8,1552,3,2731
30/11/2024,62.20,21,16.8,42.1,1549,3,2974
01/12/2024,62.60,21.2,17.6,41.6,1552,4,2665
02/12/2024,62.80,21.2,16.3,42.7,1565,4,1108
03/12/2024,63.60,21.5,19.1,40.6,1561,4,2732
04/12/2024,61.90,20.9,16.2,42.6,1548,3,2074
05/12/2024,62.70,21.2,16.9,42.2,1559,3,2421
06/12/2024,62.30,21.1,15.2,43.4,1561,3,2350
07/12/2024,62.30,21.1,15.5,43.2,1560,3,2725
08/12/2024,62.00,21,16.5,42.3,1547,3,2724
09/12/2024,61.70,20.9,17.4,41.4,1534,3,2793
10/12/2024,62.10,21,17.1,41.9,1546,4,3031
11/12/2024,62.50,21.1,16.9,42.2,1555,4,2480
12/12/2024,62.70,21.2,16.7,42.3,1561,4,3134
13/12/2024,63.00,21.3,16.6,42.5,1567,4,2483
14/12/2024,62.90,21.3,16.5,42.6,1565,4,2524
15/12/2024,63.00,21.3,17.2,42.1,1563,4,3257
16/12/2024,63.40,21.4,16.4,42.7,1575,4,3564
17/12/2024,63.40,21.4,18.6,41,1561,4,3949
18/12/2024,63.60,21.5,17.5,41.9,1572,4,2709
19/12/2024,64.40,21.8,20.1,40,1570,4,2716
20/12/2024,63.60,21.5,18.6,41.1,1565,4,2427
21/12/2024,62.60,21.2,18.8,40.5,1542,4,2853
22/12/2024,63.50,21.5,18.3,41.3,1566,4,2719
23/12/2024,63.90,21.6,19.1,40.7,1568,4,2712
24/12/2024,64.40,21.8,19.4,40.6,1575,4,2216
25/12/2024,65.00,22,18.2,41.7,1595,4,3160
26/12/2024,65.50,22.1,17.9,42,1605,4,3444
27/12/2024,65.00,22,19.7,40.5,1586,4,914
28/12/2024,64.00,21.6,19.6,40.3,1565,4,3440
29/12/2024,64.40,21.8,18.9,41,1579,4,2652
30/12/2024,65.30,22.1,20.5,39.9,1585,5,2831
31/12/2024,64.20,21.7,20.1,39.9,1566,4,2155
01/01/2025,64.60,21.8,20.1,40,1575,4,2045
02/01/2025,65.10,22,20.1,40.2,1584,5,722
03/01/2025,65.80,22.2,17.5,42.4,1613,4,3553
04/01/2025,65.10,22,18.4,41.6,1596,4,2814
05/01/2025,64.30,21.7,19.5,40.5,1573,4,2112
06/01/2025,63.70,21.5,18.7,41,1567,4,2469
07/01/2025,63.40,21.4,19.5,40.2,1553,4,2033
08/01/2025,63.10,21.3,19,40.6,1552,4,2123
09/01/2025,63.50,21.5,18.3,41.3,1560,4,3135
10/01/2025,63.90,21.6,17.5,42,1578,4,2478
11/01/2025,63.40,21.4,18.6,40.8,1559,4,2428
12/01/2025,62.90,21.3,19.7,39.7,1539,4,2495
13/01/2025,64.40,21.8,19.5,40.5,1574,4,2583
14/01/2025,63.90,21.6,18.7,41,1571,4,2289
15/01/2025,62.80,21.2,19.1,40.3,1544,4,1588
16/01/2025,62.60,21.2,18.3,41,1547,4,2501
17/01/2025,62.60,21.2,17.6,41.6,1552,4,2553
18/01/2025,63.10,21.3,19,40.5,1551,4,2343
19/01/2025,62.70,21.2,19,40.4,1543,4,2151
20/01/2025,62.50,21.1,19.8,39.4,1528,4,1849
21/01/2025,62.40,21.1,19.2,40,1533,4,1986
22/01/2025,63.70,21.5,18.4,41.2,1569,4,2587
23/01/2025,62.50,21.1,18.6,40.7,1541,4,2048
24/01/2025,62.40,21.1,18.5,40.8,1541,4,2491
25/01/2025,62.10,21,18.4,40.7,1534,4,2491
26/01/2025,62.10,21,20,38.9,1514,4,2347
27/01/2025,62.10,21,18.1,40.9,1537,4,2319
28/01/2025,62.30,21.1,18.5,40.7,1538,4,2047
29/01/2025,61.90,20.9,17.2,41.7,1540,4,1559
30/01/2025,61.70,20.9,17.7,41.2,1532,4,460
31/01/2025,61.90,20.9,17.1,41.8,1541,4,2519
01/02/2025,60.90,20.6,18.1,40.3,1507,3,1437
02/02/2025,61.50,20.8,17.6,41.2,1528,4,1725
03/02/2025,61.30,20.7,17.3,41.4,1526,3,2498
04/02/2025,61.40,20.8,17.2,41.5,1530,3,2496
05/02/2025,61.60,20.8,16.8,42,1537,3,2496
06/02/2025,61.20,20.7,16.9,41.7,1527,3,2860
07/02/2025,62.00,21,17.2,41.8,1543,4,2506
08/02/2025,63.40,21.4,19,40.6,1558,4,2491
09/02/2025,61.70,20.9,18.2,40.7,1527,4,2502
10/02/2025,61.60,20.8,19.1,39.7,1514,4,2509
11/02/2025,61.70,20.9,18.9,39.9,1519,4,5188
12/02/2025,61.90,20.9,18.2,40.8,1532,4,1467
13/02/2025,61.00,20.6,17.4,41.2,1518,3,1727
14/02/2025,61.70,20.9,17.3,41.5,1535,4,3034
15/02/2025,62.40,21.1,17.4,41.7,1550,4,2417
16/02/2025,61.80,20.9,16.6,42.2,1543,3,2706
17/02/2025,61.90,20.9,16,42.8,1549,3,2503
18/02/2025,61.70,20.9,18.4,40.4,1524,4,2517
19/02/2025,61.80,20.9,17.7,41.3,1534,3,2498
20/02/2025,61.20,20.7,16.3,42.3,1533,3,2506
21/02/2025,60.80,20.6,16.4,42,1523,3,2493
22/02/2025,61.00,20.6,16.4,42,1523,3,2499
23/02/2025,60.90,20.6,16.1,42.4,1528,3,1062
24/02/2025,60.80,20.5,16.9,41.5,1518,3,2620
25/02/2025,60.70,20.5,17.7,40.7,1508,3,2016
26/02/2025,61.80,20.9,15.8,42.9,1548,3,2276
27/02/2025,60.90,20.6,16.3,42.2,1526,3,2244
28/02/2025,60.70,20.5,15.2,43,1530,3,2711
01/03/2025,60.80,20.5,15.9,42.5,1528,3,1799
02/03/2025,61.00,20.6,16.7,41.9,1525,3,2294
03/03/2025,60.80,20.6,18.7,39.6,1496,3,2598
04/03/2025,60.00,20.3,17.4,40.6,1493,3,2451
05/03/2025,60.10,20.3,16.8,41.3,1503,3,2306
06/03/2025,60.40,20.4,16.4,41.9,1514,3,2681
07/03/2025,60.60,20.5,16.9,41.5,1514,3,3101
08/03/2025,60.90,20.6,16.6,41.9,1524,3,2931
09/03/2025,60.50,20.5,17.1,41.3,1510,3,2235
10/03/2025,60.80,20.6,17.3,41.2,1515,3,2505
11/03/2025,60.10,20.3,16.9,41.3,1502,3,2689
12/03/2025,59.90,20.2,16.2,41.9,1504,3,2479
13/03/2025,60.70,20.5,16.2,42.2,1523,3,2693
14/03/2025,60.70,20.5,15.9,42.5,1525,3,1148
15/03/2025,60.70,20.5,15.9,42.5,1525,3,2633
16/03/2025,60.80,20.6,15.8,42.6,1528,3,1397
17/03/2025,60.80,20.6,15.8,42.6,1528,3,1838
18/03/2025,59.50,20.1,16.4,41.4,1491,3,2972
19/03/2025,60.20,20.3,16.7,41.5,1506,3,2717
20/03/2025,59.80,20.2,15.9,42.1,1505,3,2410
21/03/2025,59.30,20,16.6,41,1484,3,1587
22/03/2025,60.50,20.5,16.4,41.9,1516,3,1632
23/03/2025,60.00,20.3,15.9,42.2,1510,3,1779
24/03/2025,59.60,20.1,15.5,42.4,1504,3,2327
25/03/2025,60.50,20.5,16.8,41.5,1512,3,1779
26/03/2025,59.50,20.1,16,41.9,1497,3,2033
27/03/2025,59.80,20.2,14.8,43.1,1514,3,2499
28/03/2025,59.10,20,15.7,42,1490,3,2661
29/03/2025,60.10,20.3,15,43.1,1519,3,2756
30/03/2025,59.80,20.2,16.7,41.3,1496,3,2743
31/03/2025,61.20,20.7,15.9,42.7,1536,3,2753
01/04/2025,60.50,20.5,16.5,41.9,1516,3,2754
02/04/2025,60.40,20.4,17,41.3,1508,3,3090
03/04/2025,60.50,20.4,16.2,42,1518,3,2756
04/04/2025,60.70,20.5,15.4,42.9,1529,3,1684
05/04/2025,59.60,20.1,15.1,42.8,1508,3,3656
06/04/2025,61.10,20.7,16.4,42.1,1529,3,6242
07/04/2025,61.30,20.7,17.2,41.5,1528,3,2787
08/04/2025,61.70,20.9,15.6,43,1548,3,2475
09/04/2025,60.90,20.6,15,43.3,1536,3,2718
10/04/2025,61.40,20.8,17.3,41.5,1529,3,2688
11/04/2025,60.40,20.4,17.4,40.9,1504,3,2743
12/04/2025,60.50,20.5,16.6,41.7,1514,3,3541
13/04/2025,61.70,20.9,16,42.7,1545,3,2862
14/04/2025,61.80,20.9,16.7,42.1,1542,3,2724
15/04/2025,61.50,20.8,16.7,42,1536,3,2724
16/04/2025,61.10,20.7,16.7,41.9,1528,3,2594
17/04/2025,60.90,20.6,16.8,41.7,1522,3,2323
18/04/2025,60.70,20.5,17,41.4,1515,3,3051
19/04/2025,62.20,21,17.7,41.3,1542,4,2740
20/04/2025,62.50,21.1,15.8,43,1562,3,2067
21/04/2025,61.70,20.9,16.2,42.5,1546,3,2361
22/04/2025,61.20,20.7,16.6,42,1530,3,2651
23/04/2025,61.30,20.7,15.7,42.9,1539,3,2654
24/04/2025,61.00,20.6,16.9,41.6,1523,3,2247
25/04/2025,60.80,20.6,17.3,41.1,1514,3,2562
26/04/2025,60.80,20.6,17.3,41.2,1514,3,2129
27/04/2025,60.80,20.6,15.9,42.5,1527,3,2616
28/04/2025,60.70,20.5,16.9,41.5,1516,3,2270
29/04/2025,60.30,20.4,17.1,41.2,1505,3,2045
30/04/2025,60.70,20.5,15.8,42.6,1526,3,2588
01/05/2025,60.40,20.4,15,43.1,1525,3,2530
02/05/2025,61.00,20.6,16.2,42.3,1529,3,2659
03/05/2025,61.00,20.6,14.3,43.9,1542,3,2730
04/05/2025,60.70,20.5,15.7,42.6,1527,3,2672
05/05/2025,60.70,20.5,15.9,42.5,1525,3,2559
06/05/2025,60.80,20.6,15.6,42.7,1529,3,2511
07/05/2025,61.70,20.9,15.7,42.9,1547,3,2696
08/05/2025,61.60,20.8,16.9,41.9,1537,3,2727
09/05/2025,61.68,20.84,16.88,41.96,1538.8,3,1816
10/05/2025,61.76,20.88,16.86,42.02,1540.6,3,405
11/05/2025,61.84,20.92,16.84,42.08,1542.4,3,1725
12/05/2025,61.92,20.96,16.82,42.14,1544.2,3,2781
13/05/2025,62.00,21,16.8,42.2,1546,3,2743
14/05/2025,61.30,20.7,17.7,41,1523,4,2779
15/05/2025,61.20,20.7,18.7,40,1519,4,2798
16/05/2025,61.30,20.7,18.7,40,1511,4,2640
17/05/2025,60.80,20.6,17.5,41,1512,3,2778
18/05/2025,60.90,20.6,17,41.5,1520,3,2749
19/05/2025,61.50,20.8,17.3,41.5,1531,4,2258
20/05/2025,63.30,21.4,17.6,41.8,1567,4,2601
21/05/2025,62.50,21.1,16.2,42.8,1560,4,3986
22/05/2025,62.10,21,18.2,44.8,1536,4,1198
23/05/2025,62.10,21,17.7,41.3,1541,4,3645
24/05/2025,62.80,21.2,16.4,42.6,1564,4,3441
25/05/2025,63.10,21.3,17.2,42.1,1566,4,2818
26/05/2025,62.70,21.2,17.9,41.4,1552,4,351
27/05/2025,63.50,21.5,16.8,42.5,1575,4,2500
28/05/2025,62.90,21.3,17.4,41.9,1560,4,2692
29/05/2025,62.20,21,17.9,41.2,1541,4,3637
30/05/2025,63.00,21.3,18.2,41.2,1556,4,2753
31/05/2025,63.18,21.35,17.75,41.525,1561.75,4,1946
01/06/2025,63.35,21.4,17.3,41.85,1567.5,4,2151
02/06/2025,63.53,21.45,16.85,42.175,1573.25,4,2013
03/06/2025,63.70,21.5,16.8,42.5,1579,4,2181
04/06/2025,63.50,21.5,17.3,42.1,1572,4,1922
05/06/2025,62.70,21.2,16.9,42.2,1559,4,2708
06/06/2025,62.63,21.166,17.633,41.5,1551.33,4,2041
07/06/2025,62.57,21.132,18.366,40.8,1543.66,4,2654
08/06/2025,62.50,21.1,19.1,40.1,1536,4,2575
09/06/2025,63.40,21.4,18.3,41.2,1563,4,2522
10/06/2025,63.10,21.3,18,41.4,1559,4,1912
11/06/2025,63.90,21.6,17.2,42.3,1580,4,824
12/06/2025,63.96,21.6185,17.2518,42.266,1580.74,4.037,1016
13/06/2025,64.01,21.637,17.3036,42.232,1581.48,4.074,1120
14/06/2025,64.07,21.6555,17.3554,42.198,1582.22,4.111,2116
15/06/2025,64.12,21.674,17.4072,42.164,1582.96,4.148,590
16/06/2025,64.18,21.6925,17.459,42.13,1583.7,4.185,917
17/06/2025,64.23,21.711,17.5108,42.096,1584.44,4.222,2255
18/06/2025,64.29,21.7295,17.5626,42.062,1585.18,4.259,1561
19/06/2025,64.34,21.748,17.6144,42.028,1585.92,4.296,1340
20/06/2025,64.40,21.7665,17.6662,41.994,1586.66,4.333,820
21/06/2025,64.45,21.785,17.718,41.96,1587.4,4.37,910
22/06/2025,64.51,21.8035,17.7698,41.926,1588.14,4.407,571
23/06/2025,64.56,21.822,17.8216,41.892,1588.88,4.444,2251
24/06/2025,64.62,21.8405,17.8734,41.858,1589.62,4.481,1804
25/06/2025,64.67,21.859,17.9252,41.824,1590.36,4.518,1380
26/06/2025,64.73,21.8775,17.977,41.79,1591.1,4.555,1626
27/06/2025,64.78,21.896,18.0288,41.756,1591.84,4.592,1944
28/06/2025,64.84,21.9145,18.0806,41.722,1592.58,4.629,1150
29/06/2025,64.89,21.933,18.1324,41.688,1593.32,4.666,1197
30/06/2025,64.95,21.9515,18.1842,41.654,1594.06,4.703,910
01/07/2025,65.00,21.97,18.236,41.62,1594.8,4.74,880
02/07/2025,65.06,21.9885,18.2878,41.586,1595.54,4.777,571
03/07/2025,65.11,22.007,18.3396,41.552,1596.28,4.814,800
04/07/2025,65.17,22.0255,18.3914,41.518,1597.02,4.851,910
05/07/2025,65.22,22.044,18.4432,41.484,1597.76,4.888,2787
06/07/2025,65.28,22.0625,18.495,41.45,1598.5,4.925,1049
07/07/2025,65.33,22.081,18.5468,41.416,1599.24,4.962,1932
08/07/2025,65.40,22.1,18.6,41.4,1600,5,2933
09/07/2025,65.10,22,20.3,40,1583,5,1065
10/07/2025,65.08,22,20.266,40.033,1583,5,1067
11/07/2025,65.07,22,20.232,40.066,1583,5,355
12/07/2025,65.05,22,20.198,40.099,1583,5,854
13/07/2025,65.03,22,20.164,40.132,1583,5,710
14/07/2025,65.02,22,20.13,40.165,1583,5,2513
15/07/2025,65.00,22,20.1,40.2,1583,5,2702
16/07/2025,64.60,21.8,20,40.1,1575,5,2123
17/07/2025,64.70,21.9,19.6,40.5,1580,5,2754
18/07/2025,64.60,21.8,19.2,40.8,1581,5,2754
19/07/2025,64.50,21.8,20.3,39.8,1570,5,2780
20/07/2025,64.40,21.8,19.4,40.6,1575,5,2915
21/07/2025,65.00,22,20.3,40,1581,5,2891
22/07/2025,65.30,221,19.9,40.4,1590,5,2899
23/07/2025,65.50,22.1,19.9,40.4,1593,5,2880
24/07/2025,65.40,22.1,19.7,40.6,1593,5,2675
25/07/2025,64.90,21.9,19.7,40.5,1583,5,2861
26/07/2025,65.00,22,20.5,39.8,1581,5,2746
27/07/2025,66.70,22.5,19.2,41.2,1620,5,2891
28/07/2025,66.30,22.4,19.8,40.7,1609,5,2898
29/07/2025,66.00,22.3,19.3,41,1607,5,2888
30/07/2025,65.90,22.3,19,41.3,1607,5,2892
31/07/2025,65.60,22.2,20.4,40.1,1592,5,2894
01/08/2025,65.50,22.1,20.7,39.7,1587,5,2007
02/08/2025,65.80,22.2,20.6,39.9,1594,5,3070
03/08/2025,66.10,22.3,20.5,40.1,1601,5,1282
04/08/2025,66.00,22.3,20.1,40.4,1602,5,2903
05/08/2025,65.80,22.2,20.1,40.3,1598,5,2958
06/08/2025,65.70,22.20,20.5,40,1593,5,2886
07/08/2025,65.70,22.2,20.4,40,1594,5,2892
08/08/2025,65.90,22.3,20.7,39.8,1595,5,2879
09/08/2025,66.30,22.4,19.7,40.8,1610,5,2864
10/08/2025,65.90,22.3,19.7,40.7,1603,5,2498
11/08/2025,66.20,22.4,20.1,40.5,1606,5,2653
12/08/2025,66.50,22.5,19.8,40.8,1614,5,2786
13/08/2025,66.80,22.6,19.5,40.1,1622,5,2890
14/08/2025,67.20,22.7,19.2,41.3,1629,5,2895
15/08/2025,66.90,22.6,19.4,41.1,1623,5,2956
